A, z1, z2, Tc, dif, Tclinker, CO2gen, prompt
0.0,0.1,0.5,10.0,24.64,3.72e4,1.771
0.0,0.2,0.5,10.0,24.64,3.72e4,1.771
0.0,0.3,0.5,10.0,24.64,3.72e4,1.771
0.0,0.4,0.5,9.927531278436446,24.45,3.69e4,1.758
0.0,0.5,0.5,6.8090295052124485,16.45,2.531e4,1.206
0.0,0.6,0.5,5.044618852478307,11.94,1.877e4,0.894
0.0,0.7,0.5,3.9384972312012394,9.1,1.465e4,0.6978
0.0,0.8,0.5,3.19302416141015,7.188,1.187e4,0.5654
0.0,0.9,0.5,2.663089309684105,5.83,9.896e3,0.4714
0.0,1.0,0.5,2.2705085854492184,4.82,8.44e3,0.402
0.0,1.1,0.5,1.9702116024606398,4.05,7.32e3,0.3486
0.0,1.2,0.5,1.7347236094837768,3.447,6.45e3,0.3071
0.0,1.3,0.5,1.5454811429946376,2.963,5.744e3,0.2737
0.0,1.4,0.5,1.390500221092094,2.564,5.17e3,0.2462
0.0,1.5,0.5,1.261617443260929,2.234,4.69e3,0.2233
0.0,1.6,0.5,1.1530020739317537,1.956,4.29e3,0.2042
0.0,1.7,0.5,1.060961415702596,1.721,3.946e3,0.188
0.0,1.8,0.5,0.9817375972202504,1.518,3.65e3,0.1738
0.0,1.9,0.5,0.9120659677401036,1.339,3.392e3,0.1616
0.0,2.0,0.5,0.851441344543457,1.184,3.166e3,0.1509
0.0,2.1,0.5,0.7980578467725906,1.046,2.968e3,0.1414
0.0,2.2,0.5,0.7511133263742029,0.926,2.792e3,0.133
0.0,2.3,0.5,0.7086921061183683,0.8174,2.636e3,0.1256
0.0,2.4,0.5,0.6705102713279724,0.719,2.492e3,0.1187
0.0,2.5,0.5,0.6360868042731882,0.631,2.364e3,0.1126
0.0,2.6,0.5,0.6048784114360809,0.551,2.248e3,0.1071
0.0,2.7,0.5,0.5762199050474762,0.4775,2.142e3,0.10205
0.0,2.8,0.5,0.5506110371670838,0.4119,2.047e3,0.09753
0.0,2.9,0.5,0.5266859356215726,0.3506,1.958e3,0.09326
0.0,3.0,0.5,0.5086908295021058,0.3044,1.892e3,0.09015
0.0,3.1,0.5,0.5057141060277701,0.2966,1.88e3,0.08954
0.0,3.2,0.5,0.502713974344939,0.289,1.869e3,0.08905
0.0,3.3,0.5,0.4997645400745022,0.2815,1.858e3,0.0885
0.0,3.4,0.5,0.4966745343170166,0.2734,1.846e3,0.08795
0.0,3.5,0.5,0.4937681271452244,0.266,1.836e3,0.08746
0.0,3.6,0.5,0.48991057146440226,0.256,1.821e3,0.08673
0.0,3.7,0.5,0.48700419389665967,0.2488,1.811e3,0.08624
0.0,3.8,0.5,0.48319948144434205,0.239,1.796e3,0.0856
0.0,3.9,0.5,0.4806528074035644,0.2324,1.787e3,0.08514
0.0,4.0,0.5,0.4775819764118194,0.2246,1.776e3,0.0846
0.0,4.1,0.5,0.47385087503360207,0.215,1.762e3,0.0839
0.0,4.2,0.5,0.47103977125549307,0.2078,1.751e3,0.08344
0.0,4.3,0.5,0.4678354258728027,0.1996,1.74e3,0.0829
0.0,4.4,0.5,0.4641804694206715,0.1902,1.726e3,0.0822
0.0,4.5,0.5,0.4614267351074219,0.1831,1.716e3,0.0817
0.0,4.6,0.5,0.4578218465518952,0.174,1.702e3,0.08105
0.0,4.7,0.5,0.4541025170898437,0.1643,1.688e3,0.0804
0.0,4.8,0.5,0.4505548489875793,0.1553,1.675e3,0.0798
0.0,4.9,0.5,0.44700718088531494,0.1461,1.662e3,0.07916
0.0,5.0,0.5,0.4435149450971484,0.1372,1.649e3,0.07855
0.1,0.1,0.5,10.0,24.64,3.72e4,1.771
0.1,0.2,0.5,10.0,24.64,3.72e4,1.771
0.1,0.3,0.5,10.0,24.64,3.72e4,1.771
0.1,0.4,0.5,9.246761955416249,22.7,3.437e4,1.637
0.1,0.5,0.5,6.128311544395445,14.71,2.278e4,1.085
0.1,0.6,0.5,4.363790829327457,10.19,1.6216e4,0.7725
0.1,0.7,0.5,3.2572727974401414,7.35,1.2104e4,0.5767
0.1,0.8,0.5,2.5119552891913424,5.44,9.34e3,0.445
0.1,0.9,0.5,1.981846704443675,4.082,7.37e3,0.351
0.1,1.0,0.5,1.5897568529872892,3.076,5.91e3,0.2817
0.1,1.1,0.5,1.3080605615768435,2.354,4.864e3,0.2317
0.1,1.2,0.5,1.1093501595285635,1.845,4.124e3,0.1964
0.1,1.3,0.5,0.9613046148071289,1.465,3.574e3,0.1703
0.1,1.4,0.5,0.8439644781145513,1.164,3.138e3,0.1495
0.1,1.5,0.5,0.7555490290890111,0.9375,2.808e3,0.1338
0.1,1.6,0.5,0.6791590115221036,0.741,2.524e3,0.12024
0.1,1.7,0.5,0.6195125423579216,0.5884,2.304e3,0.10974
0.1,1.8,0.5,0.5659660096017529,0.4512,2.104e3,0.1002
0.1,1.9,0.5,0.5230825307064146,0.3413,1.945e3,0.09265
0.1,2.0,0.5,0.4850943774500061,0.2438,1.804e3,0.08594
0.1,2.1,0.5,0.4757164257227107,0.2197,1.768e3,0.0842
0.1,2.2,0.5,0.4747781742019653,0.2174,1.765e3,0.0841
0.1,2.3,0.5,0.47292357586523887,0.2126,1.758e3,0.08374
0.1,2.4,0.5,0.47103977125549307,0.2078,1.751e3,0.08344
0.1,2.5,0.5,0.468750953125,0.2019,1.743e3,0.083
0.1,2.6,0.5,0.46691989862060546,0.1973,1.736e3,0.0827
0.1,2.7,0.5,0.4641804694206715,0.1902,1.726e3,0.0822
0.1,2.8,0.5,0.46236726836824693,0.1855,1.719e3,0.0819
0.1,2.9,0.5,0.4596242908296585,0.1785,1.709e3,0.0814
0.1,3.0,0.5,0.4569276652109735,0.1716,1.699e3,0.08093
0.1,3.1,0.5,0.4541025170898437,0.1643,1.688e3,0.0804
0.1,3.2,0.5,0.4505548489875793,0.1553,1.675e3,0.0798
0.1,3.3,0.5,0.4479183224817392,0.1486,1.665e3,0.07935
0.1,3.4,0.5,0.44439141443070196,0.1394,1.652e3,0.0787
0.1,3.5,0.5,0.44178246874911264,0.1328,1.643e3,0.07825
0.1,3.6,0.5,0.4394540810546875,0.1268,1.634e3,0.0778
0.1,3.7,0.5,0.43688251341881595,0.12024,1.624e3,0.0774
0.1,3.8,0.5,0.4334693765952315,0.11145,1.612e3,0.0768
0.1,3.9,0.5,0.43089783515280483,0.10486,1.602e3,0.0763
0.1,4.0,0.5,0.4275314536281735,0.09625,1.59e3,0.07574
0.1,4.1,0.5,0.4248896875602603,0.0895,1.58e3,0.07526
0.1,4.2,0.5,0.42157024468869575,0.08093,1.567e3,0.07465
0.1,4.3,0.5,0.41825080181713126,0.07245,1.555e3,0.0741
0.1,4.4,0.5,0.4149832252404349,0.0641,1.543e3,0.0735
0.1,4.5,0.5,0.41118360086476796,0.05432,1.529e3,0.0728
0.1,4.6,0.5,0.40775707919089493,0.04553,1.516e3,0.0722
0.1,4.7,0.5,0.40457148482221605,0.03735,1.504e3,0.07166
0.1,4.8,0.5,0.4013858904535372,0.02919,1.492e3,0.07104
0.1,4.9,0.5,0.39733982745361324,0.01881,1.477e3,0.0704
0.1,5.0,0.5,0.39423561786413186,0.010864,1.466e3,0.0698
0.2,0.1,0.5,10.0,24.64,3.72e4,1.771
0.2,0.2,0.5,10.0,24.64,3.72e4,1.771
0.2,0.3,0.5,10.0,24.64,3.72e4,1.771
0.2,0.4,0.5,8.565503415156755,20.97,3.186e4,1.518
0.2,0.5,0.5,5.447223804169958,12.97,2.026e4,0.965
0.2,0.6,0.5,3.6823981798695384,8.445,1.37e4,0.6523
0.2,0.7,0.5,2.5765538866469875,5.605,9.576e3,0.456
0.2,0.8,0.5,1.8312843862075807,3.695,6.81e3,0.3242
0.2,0.9,0.5,1.363426902517364,2.496,5.07e3,0.2416
0.2,1.0,0.5,1.0852059696044922,1.782,4.034e3,0.1921
0.2,1.1,0.5,0.8993487220025509,1.306,3.344e3,0.1593
0.2,1.2,0.5,0.7660398180494307,0.9644,2.848e3,0.1356
0.2,1.3,0.5,0.6678910944868475,0.7124,2.484e3,0.11835
0.2,1.4,0.5,0.5925215525742692,0.519,2.202e3,0.1049
0.2,1.5,0.5,0.5292687350065708,0.3572,1.968e3,0.09375
0.2,1.6,0.5,0.4822557344102711,0.2366,1.793e3,0.0854
0.2,1.7,0.5,0.4394540810546875,0.1268,1.634e3,0.0778
0.2,1.8,0.5,0.426696433210931,0.0941,1.586e3,0.07556
0.2,1.9,0.5,0.4257211722717285,0.0916,1.583e3,0.07544
0.2,2.0,0.5,0.4248896875602603,0.0895,1.58e3,0.07526
0.2,2.1,0.5,0.4240582028487921,0.08734,1.577e3,0.07513
0.2,2.2,0.5,0.4223952334258556,0.08307,1.57e3,0.07477
0.2,2.3,0.5,0.42074525595153583,0.07886,1.564e3,0.0745
0.2,2.4,0.5,0.41906929457998277,0.0745,1.558e3,0.0742
0.2,2.5,0.5,0.41661701352878305,0.06824,1.549e3,0.0738
0.2,2.6,0.5,0.4149832252404349,0.0641,1.543e3,0.0735
0.2,2.7,0.5,0.4119882634887695,0.05637,1.532e3,0.073
0.2,2.8,0.5,0.41015720898437497,0.0517,1.525e3,0.07263
0.2,2.9,0.5,0.40695286360168453,0.04346,1.513e3,0.0721
0.2,3.0,0.5,0.40457148482221605,0.03735,1.504e3,0.07166
0.2,3.1,0.5,0.40217137947595116,0.0312,1.495e3,0.0712
0.2,3.2,0.5,0.39981183205960175,0.02516,1.486e3,0.0708
0.2,3.3,0.5,0.39733982745361324,0.01881,1.477e3,0.0704
0.2,3.4,0.5,0.3950147017161795,0.012856,1.469e3,0.07
0.2,3.5,0.5,0.3926956388881001,0.006912,1.46e3,0.0696
0.2,3.6,0.5,0.3896035551173277,-0.001017,1.449e3,0.06903
0.2,3.7,0.5,0.38731774355773924,-0.006878,1.44e3,0.0686
0.2,3.8,0.5,0.38377142747378346,-0.01598,1.427e3,0.068
0.2,3.9,0.5,0.3807732210091445,-0.02365,1.416e3,0.06744
0.2,4.0,0.5,0.37777501454450557,-0.03134,1.405e3,0.06696
0.2,4.1,0.5,0.37482365505587667,-0.0389,1.394e3,0.0664
0.2,4.2,0.5,0.3717786016152277,-0.04672,1.382e3,0.06586
0.2,4.3,0.5,0.36815222395759384,-0.05603,1.369e3,0.0652
0.2,4.4,0.5,0.3652533954224947,-0.0635,1.358e3,0.0647
0.2,4.5,0.5,0.3616920508077032,-0.0726,1.345e3,0.0641
0.2,4.6,0.5,0.35818673230886455,-0.08154,1.332e3,0.0635
0.2,4.7,0.5,0.3546929318989292,-0.0905,1.319e3,0.0628
0.2,4.8,0.5,0.35156346484375,-0.0986,1.307e3,0.06226
0.2,4.9,0.5,0.3481356020655036,-0.10736,1.294e3,0.06165
0.2,5.0,0.5,0.3447184681222439,-0.1161,1.282e3,0.06107
0.3,0.1,0.5,10.0,24.64,3.72e4,1.771
0.3,0.2,0.5,10.0,24.64,3.72e4,1.771
0.3,0.3,0.5,10.0,24.64,3.72e4,1.771
0.3,0.4,0.5,7.8846933572826385,19.22,2.933e4,1.397
0.3,0.5,0.5,4.766320953648714,11.22,1.771e4,0.8438
0.3,0.6,0.5,3.0015162729719123,6.695,1.116e4,0.5317
0.3,0.7,0.5,1.8954005001344083,3.86,7.05e3,0.3357
0.3,0.8,0.5,1.2690679340675879,2.254,4.72e3,0.2249
0.3,0.9,0.5,0.9523628013979121,1.442,3.542e3,0.1687
0.3,1.0,0.5,0.7660398180494307,0.9644,2.848e3,0.1356
0.3,1.1,0.5,0.6406704151293284,0.6426,2.382e3,0.11346
0.3,1.2,0.5,0.5527702922147979,0.4175,2.056e3,0.09796
0.3,1.3,0.5,0.48795910211998644,0.2512,1.814e3,0.0864
0.3,1.4,0.5,0.4343176513048112,0.11365,1.615e3,0.0769
0.3,1.5,0.5,0.39423561786413186,0.010864,1.466e3,0.0698
0.3,1.6,0.5,0.3755571631871015,-0.03702,1.396e3,0.0665
0.3,1.7,0.5,0.3755571631871015,-0.03702,1.396e3,0.0665
0.3,1.8,0.5,0.37482365505587667,-0.0389,1.394e3,0.0664
0.3,1.9,0.5,0.37409014692465187,-0.0408,1.391e3,0.0663
0.3,2.0,0.5,0.3725061507377624,-0.04486,1.385e3,0.066
0.3,2.1,0.5,0.3717786016152277,-0.04672,1.382e3,0.06586
0.3,2.2,0.5,0.3703263453589182,-0.05045,1.377e3,0.0656
0.3,2.3,0.5,0.36815222395759384,-0.05603,1.369e3,0.0652
0.3,2.4,0.5,0.36668575775748485,-0.05978,1.363e3,0.06494
0.3,2.5,0.5,0.36454001183768514,-0.0653,1.355e3,0.0646
0.3,2.6,0.5,0.36239986108325645,-0.07074,1.347e3,0.06415
0.3,2.7,0.5,0.36048985555267327,-0.0757,1.34e3,0.06384
0.3,2.8,0.5,0.35818673230886455,-0.08154,1.332e3,0.0635
0.3,2.9,0.5,0.3567875692920331,-0.08514,1.327e3,0.06323
0.3,3.0,0.5,0.3546929318989292,-0.0905,1.319e3,0.0628
0.3,3.1,0.5,0.35259008024153854,-0.09595,1.311e3,0.06244
0.3,3.2,0.5,0.3501901739654541,-0.10205,1.302e3,0.062
0.3,3.3,0.5,0.3481356020655036,-0.10736,1.294e3,0.06165
0.3,3.4,0.5,0.34539438472640516,-0.1144,1.284e3,0.06116
0.3,3.5,0.5,0.34269599890823016,-0.1213,1.274e3,0.0607
0.3,3.6,0.5,0.33991195004820823,-0.1284,1.264e3,0.0602
0.3,3.7,0.5,0.33725639575095656,-0.1353,1.254e3,0.05972
0.3,3.8,0.5,0.334600841453705,-0.1421,1.244e3,0.05927
0.3,3.9,0.5,0.3313371015618345,-0.1504,1.232e3,0.0587
0.3,4.0,0.5,0.32830335059261323,-0.1582,1.221e3,0.05817
0.3,4.1,0.5,0.3251022824464237,-0.1664,1.209e3,0.0576
0.3,4.2,0.5,0.3219062827318013,-0.1746,1.197e3,0.057
0.3,4.3,0.5,0.31866751567019524,-0.1829,1.185e3,0.05646
0.3,4.4,0.5,0.315559191963652,-0.1909,1.173e3,0.05588
0.3,4.5,0.5,0.31250096875,-0.1987,1.162e3,0.05536
0.3,4.6,0.5,0.30884839648342133,-0.2081,1.148e3,0.0547
0.3,4.7,0.5,0.3052148977012634,-0.2174,1.135e3,0.05408
0.3,4.8,0.5,0.30214406670951843,-0.2252,1.124e3,0.05356
0.3,4.9,0.5,0.2997835740008503,-0.2313,1.114e3,0.05307
0.3,5.0,0.5,0.29684104199415445,-0.2389,1.104e3,0.05258
0.4,0.1,0.5,10.0,24.64,3.72e4,1.771
0.4,0.2,0.5,10.0,24.64,3.72e4,1.771
0.4,0.3,0.5,10.0,24.64,3.72e4,1.771
0.4,0.4,0.5,7.204463073551382,17.47,2.678e4,1.276
0.4,0.5,0.5,4.0855413629302975,9.48,1.519e4,0.7236
0.4,0.6,0.5,2.3208983471033573,4.95,8.62e3,0.411
0.4,0.7,0.5,1.291429112386678,2.31,4.8e3,0.2286
0.4,0.8,0.5,0.877190548511505,1.249,3.26e3,0.1553
0.4,0.9,0.5,0.6725343966225331,0.7246,2.5e3,0.1191
0.4,1.0,0.5,0.548780909569025,0.4072,2.04e3,0.09717
0.4,1.1,0.5,0.4660079476467371,0.195,1.733e3,0.0826
0.4,1.2,0.5,0.40695286360168453,0.04346,1.513e3,0.0721
0.4,1.3,0.5,0.3616920508077032,-0.0726,1.345e3,0.0641
0.4,1.4,0.5,0.32894708069181444,-0.1565,1.223e3,0.05826
0.4,1.5,0.5,0.32380729818100484,-0.1697,1.204e3,0.05734
0.4,1.6,0.5,0.32380729818100484,-0.1697,1.204e3,0.05734
0.4,1.7,0.5,0.32317362636460367,-0.1714,1.202e3,0.05725
0.4,1.8,0.5,0.3225424298287353,-0.173,1.199e3,0.05713
0.4,1.9,0.5,0.3219062827318013,-0.1746,1.197e3,0.057
0.4,2.0,0.5,0.32064884022113016,-0.1779,1.192e3,0.0568
0.4,2.1,0.5,0.31929112920379643,-0.1813,1.187e3,0.05655
0.4,2.2,0.5,0.3180439021365941,-0.1844,1.182e3,0.0563
0.4,2.3,0.5,0.3161779335165219,-0.1893,1.176e3,0.05603
0.4,2.4,0.5,0.3143022209349871,-0.1941,1.168e3,0.05563
0.4,2.5,0.5,0.3130744817907098,-0.1973,1.164e3,0.05545
0.4,2.6,0.5,0.3118906172485352,-0.2003,1.16e3,0.05527
0.4,2.7,0.5,0.3100643311152458,-0.205,1.153e3,0.05493
0.4,2.8,0.5,0.30884839648342133,-0.2081,1.148e3,0.0547
0.4,2.9,0.5,0.3070173419790268,-0.2128,1.142e3,0.0544
0.4,3.0,0.5,0.3052148977012634,-0.2174,1.135e3,0.05408
0.4,3.1,0.5,0.3027353447265625,-0.2238,1.126e3,0.05365
0.4,3.2,0.5,0.30037023265838625,-0.2299,1.117e3,0.05322
0.4,3.3,0.5,0.29800512059020995,-0.2358,1.108e3,0.0528
0.4,3.4,0.5,0.29567696339809896,-0.2418,1.099e3,0.05237
0.4,3.5,0.5,0.292969720703125,-0.2488,1.089e3,0.05188
0.4,3.6,0.5,0.29068090257263185,-0.2546,1.081e3,0.05148
0.4,3.7,0.5,0.2878288206053376,-0.262,1.07e3,0.05096
0.4,3.8,0.5,0.2850213024187824,-0.2693,1.06e3,0.0505
0.4,3.9,0.5,0.2815971556172371,-0.278,1.047e3,0.04987
0.4,4.0,0.5,0.2788342012114208,-0.2852,1.036e3,0.04935
0.4,4.1,0.5,0.27611441796819536,-0.292,1.026e3,0.0489
0.4,4.2,0.5,0.27343847265625,-0.2988,1.017e3,0.04846
0.4,4.3,0.5,0.27077235716205833,-0.3057,1.007e3,0.04797
0.4,4.4,0.5,0.2681145863173008,-0.3125,997.0,0.0475
0.4,4.5,0.5,0.26550038066457926,-0.3193,987.0,0.04703
0.4,4.6,0.5,0.26282407857608797,-0.3262,977.0,0.04654
0.4,4.7,0.5,0.2602453211306594,-0.3328,967.5,0.04608
0.4,4.8,0.5,0.25720352501881116,-0.3406,956.0,0.04553
0.4,4.9,0.5,0.2543459147510529,-0.348,945.5,0.04504
0.4,5.0,0.5,0.25135748717246953,-0.3555,934.5,0.04453
0.5,0.1,0.5,10.0,24.64,3.72e4,1.771
0.5,0.2,0.5,10.0,24.64,3.72e4,1.771
0.5,0.3,0.5,10.0,24.64,3.72e4,1.771
0.5,0.4,0.5,6.523301868462149,15.73,2.426e4,1.155
0.5,0.5,0.5,3.40493089346236,7.73,1.266e4,0.603
0.5,0.6,0.5,1.6398247495918272,3.205,6.096e3,0.2903
0.5,0.7,0.5,0.860111479543294,1.205,3.196e3,0.1522
0.5,0.8,0.5,0.5989806351618552,0.5356,2.226e3,0.106
0.5,0.9,0.5,0.46691989862060546,0.1973,1.736e3,0.0827
0.5,1.0,0.5,0.38884261262686415,-0.002968,1.446e3,0.0689
0.5,1.1,0.5,0.3385841728995824,-0.1318,1.259e3,0.05997
0.5,1.2,0.5,0.3027353447265625,-0.2238,1.126e3,0.05365
0.5,1.3,0.5,0.2749452779254913,-0.295,1.022e3,0.04868
0.5,1.4,0.5,0.2718383861272633,-0.303,1.011e3,0.04816
0.5,1.5,0.5,0.2718383861272633,-0.303,1.011e3,0.04816
0.5,1.6,0.5,0.27130224240112305,-0.3044,1.0085e3,0.04803
0.5,1.7,0.5,0.27077235716205833,-0.3057,1.007e3,0.04797
0.5,1.8,0.5,0.27024247192299367,-0.3071,1.005e3,0.04788
0.5,1.9,0.5,0.2691827014448643,-0.3098,1.001e3,0.0477
0.5,2.0,0.5,0.2681145863173008,-0.3125,997.0,0.0475
0.5,2.1,0.5,0.26706316048860546,-0.3152,993.0,0.0473
0.5,2.2,0.5,0.2665415547064012,-0.3167,991.0,0.0472
0.5,2.3,0.5,0.26601994892419684,-0.3179,989.0,0.04712
0.5,2.4,0.5,0.2648935516357422,-0.3208,985.0,0.04694
0.5,2.5,0.5,0.2633434678107863,-0.3247,979.0,0.04663
0.5,2.6,0.5,0.2623107522507441,-0.3274,975.0,0.04645
0.5,2.7,0.5,0.2607546055164337,-0.3313,969.5,0.04617
0.5,2.8,0.5,0.25922874175124283,-0.3352,964.0,0.04593
0.5,2.9,0.5,0.25720352501881116,-0.3406,956.0,0.04553
0.5,3.0,0.5,0.2553472726831436,-0.3452,949.5,0.04523
0.5,3.1,0.5,0.25335237992780657,-0.3503,942.0,0.04486
0.5,3.2,0.5,0.25135748717246953,-0.3555,934.5,0.04453
0.5,3.3,0.5,0.24840035202926397,-0.363,923.5,0.044
0.5,3.4,0.5,0.24639763616508245,-0.3682,916.0,0.04364
0.5,3.5,0.5,0.24445750517165662,-0.3733,908.5,0.04327
0.5,3.6,0.5,0.24254768872500307,-0.3782,901.5,0.04294
0.5,3.7,0.5,0.24032690370178222,-0.3838,893.5,0.04257
0.5,3.8,0.5,0.23832418783760068,-0.389,886.0,0.0422
0.5,3.9,0.5,0.23552038562774655,-0.396,876.0,0.04172
0.5,4.0,0.5,0.23346044931030271,-0.4014,868.0,0.04135
0.5,4.1,0.5,0.23071386755371093,-0.4084,858.0,0.04086
0.5,4.2,0.5,0.22891142327594757,-0.413,851.0,0.04053
0.5,4.3,0.5,0.22616484151935576,-0.4202,841.0,0.04007
0.5,4.4,0.5,0.22350409044265745,-0.427,831.0,0.03958
0.5,4.5,0.5,0.2208917343745563,-0.4336,821.5,0.03912
0.5,4.6,0.5,0.21801092692947385,-0.441,810.5,0.0386
0.5,4.7,0.5,0.21460452182120082,-0.4497,798.0,0.03802
0.5,4.8,0.5,0.21202960142439603,-0.4563,788.5,0.03757
0.5,4.9,0.5,0.2103731279757679,-0.4607,782.0,0.03726
0.5,5.0,0.5,0.20789816176428833,-0.467,773.0,0.03683
0.6,0.1,0.5,10.0,24.64,3.72e4,1.771
0.6,0.2,0.5,10.0,24.64,3.72e4,1.771
0.6,0.3,0.5,10.0,24.64,3.72e4,1.771
0.6,0.4,0.5,5.842612559590296,13.984,2.173e4,1.035
0.6,0.5,0.5,2.7239449147698878,5.984,1.013e4,0.4824
0.6,0.6,0.5,1.0093697955474854,1.588,3.752e3,0.1787
0.6,0.7,0.5,0.5458078301849365,0.3994,2.029e3,0.0967
0.6,0.8,0.5,0.393465628376116,0.00889,1.463e3,0.0697
0.6,0.9,0.5,0.32002257490819824,-0.1794,1.19e3,0.0567
0.6,1.0,0.5,0.27665581682695656,-0.2905,1.029e3,0.049
0.6,1.1,0.5,0.2473677016617954,-0.3657,919.5,0.0438
0.6,1.2,0.5,0.22705175854492185,-0.4177,844.5,0.04022
0.6,1.3,0.5,0.21972754052734372,-0.4365,817.0,0.0389
0.6,1.4,0.5,0.21972754052734372,-0.4365,817.0,0.0389
0.6,1.5,0.5,0.21972754052734372,-0.4365,817.0,0.0389
0.6,1.6,0.5,0.21972754052734372,-0.4365,817.0,0.0389
0.6,1.7,0.5,0.21886923372840877,-0.4387,814.0,0.0388
0.6,1.8,0.5,0.21886923372840877,-0.4387,814.0,0.0388
0.6,1.9,0.5,0.21886923372840877,-0.4387,814.0,0.0388
0.6,2.0,0.5,0.21801092692947385,-0.441,810.5,0.0386
0.6,2.1,0.5,0.21801092692947385,-0.441,810.5,0.0386
0.6,2.2,0.5,0.2171593256524056,-0.443,807.5,0.03845
0.6,2.3,0.5,0.21629431333160398,-0.4453,804.5,0.03833
0.6,2.4,0.5,0.2154494175764024,-0.4475,801.0,0.03815
0.6,2.5,0.5,0.21376622681408675,-0.452,794.5,0.03784
0.6,2.6,0.5,0.21286108613586424,-0.454,791.5,0.03772
0.6,2.7,0.5,0.2111981167129278,-0.4585,785.0,0.03738
0.6,2.8,0.5,0.20953514728999137,-0.4626,779.0,0.0371
0.6,2.9,0.5,0.20789816176428833,-0.467,773.0,0.03683
0.6,3.0,0.5,0.20708606347614658,-0.469,770.0,0.03668
0.6,3.1,0.5,0.20507910449218747,-0.474,762.5,0.03632
0.6,3.2,0.5,0.20427801814651486,-0.4763,759.5,0.0362
0.6,3.3,0.5,0.2026821039422452,-0.4802,753.5,0.0359
0.6,3.4,0.5,0.2002976203664541,-0.4863,745.0,0.0355
0.6,3.5,0.5,0.1986704137268066,-0.4905,739.0,0.03522
0.6,3.6,0.5,0.19711830893206592,-0.4946,733.0,0.0349
0.6,3.7,0.5,0.19480227755866383,-0.5005,724.5,0.03452
0.6,3.8,0.5,0.1924619945478439,-0.5063,716.0,0.03412
0.6,3.9,0.5,0.1907596860632896,-0.5107,709.5,0.0338
0.6,4.0,0.5,0.1885183653793521,-0.5166,701.0,0.0334
0.6,4.1,0.5,0.18630051402194794,-0.5225,692.5,0.033
0.6,4.2,0.5,0.18479847712381178,-0.5264,687.0,0.0327
0.6,4.3,0.5,0.1833433788787424,-0.53,682.0,0.0325
0.6,4.4,0.5,0.1812004305416282,-0.535,674.0,0.0321
0.6,4.5,0.5,0.17874339087820051,-0.5415,665.0,0.03168
0.6,4.6,0.5,0.1766405392208099,-0.547,657.0,0.0313
0.6,4.7,0.5,0.17509558698272704,-0.5513,650.5,0.03099
0.6,4.8,0.5,0.17235973406112193,-0.558,640.5,0.03052
0.6,4.9,0.5,0.1702890689086914,-0.5635,633.0,0.03015
0.6,5.0,0.5,0.16829870238061434,-0.5684,626.0,0.02982
0.7,0.1,0.5,10.0,24.64,3.72e4,1.771
0.7,0.2,0.5,10.0,24.64,3.72e4,1.771
0.7,0.3,0.5,10.0,24.64,3.72e4,1.771
0.7,0.4,0.5,5.161300466192126,12.234,1.92e4,0.9146
0.7,0.5,0.5,2.042771181465149,4.24,7.59e3,0.3616
0.7,0.6,0.5,0.5643062881659706,0.447,2.098e3,0.0999
0.7,0.7,0.5,0.32701589039421086,-0.1615,1.216e3,0.05792
0.7,0.8,0.5,0.25135748717246953,-0.3555,934.5,0.04453
0.7,0.9,0.5,0.21629431333160398,-0.4453,804.5,0.03833
0.7,1.0,0.5,0.19634831944405004,-0.4966,730.0,0.0348
0.7,1.1,0.5,0.1840766119787969,-0.528,684.5,0.0326
0.7,1.2,0.5,0.17509558698272704,-0.5513,650.5,0.03099
0.7,1.3,0.5,0.16895869337034225,-0.567,628.0,0.02992
0.7,1.4,0.5,0.16762831783199308,-0.5703,623.0,0.02968
0.7,1.5,0.5,0.16762831783199308,-0.5703,623.0,0.02968
0.7,1.6,0.5,0.16829870238061434,-0.5684,626.0,0.02982
0.7,1.7,0.5,0.16829870238061434,-0.5684,626.0,0.02982
0.7,1.8,0.5,0.16895869337034225,-0.567,628.0,0.02992
0.7,1.9,0.5,0.16895869337034225,-0.567,628.0,0.02992
0.7,2.0,0.5,0.16829870238061434,-0.5684,626.0,0.02982
0.7,2.1,0.5,0.16829870238061434,-0.5684,626.0,0.02982
0.7,2.2,0.5,0.16762831783199308,-0.5703,623.0,0.02968
0.7,2.3,0.5,0.16697352362171186,-0.572,621.0,0.02959
0.7,2.4,0.5,0.16631872941143064,-0.5737,618.0,0.02943
0.7,2.5,0.5,0.16566905078091723,-0.575,616.0,0.02934
0.7,2.6,0.5,0.16496756675529478,-0.577,613.0,0.0292
0.7,2.7,0.5,0.1647959053955078,-0.5776,612.5,0.02917
0.7,2.8,0.5,0.16350844519710542,-0.5806,608.0,0.02896
0.7,2.9,0.5,0.16286974423930423,-0.5825,605.5,0.02884
0.7,3.0,0.5,0.16158731318230182,-0.5854,601.0,0.02863
0.7,3.1,0.5,0.16032492011056507,-0.589,596.0,0.0284
0.7,3.2,0.5,0.15839883753469589,-0.5938,589.0,0.02806
0.7,3.3,0.5,0.157780095981826,-0.595,587.0,0.02797
0.7,3.4,0.5,0.15653774089535488,-0.5986,582.0,0.02773
0.7,3.5,0.5,0.15564063287353513,-0.601,578.5,0.02756
0.7,3.6,0.5,0.15442469824171065,-0.604,574.0,0.02734
0.7,3.7,0.5,0.15320876360988617,-0.607,570.0,0.02716
0.7,3.8,0.5,0.15201182795668391,-0.6104,565.0,0.02692
0.7,3.9,0.5,0.1501856163291931,-0.6147,558.5,0.02661
0.7,4.0,0.5,0.1495989576716572,-0.616,556.5,0.0265
0.7,4.1,0.5,0.1495989576716572,-0.616,556.5,0.0265
0.7,4.2,0.5,0.1495989576716572,-0.616,556.5,0.0265
0.7,4.3,0.5,0.1495989576716572,-0.616,556.5,0.0265
0.7,4.4,0.5,0.1495989576716572,-0.616,556.5,0.0265
0.7,4.5,0.5,0.1495989576716572,-0.616,556.5,0.0265
0.7,4.6,0.5,0.1495989576716572,-0.616,556.5,0.0265
0.7,4.7,0.5,0.14900306029510496,-0.618,553.5,0.02637
0.7,4.8,0.5,0.14900306029510496,-0.618,553.5,0.02637
0.7,4.9,0.5,0.14900306029510496,-0.618,553.5,0.02637
0.7,5.0,0.5,0.14900306029510496,-0.618,553.5,0.02637
0.8,0.1,0.5,10.0,24.64,3.72e4,1.771
0.8,0.2,0.5,10.0,24.64,3.72e4,1.771
0.8,0.3,0.5,10.0,24.64,3.72e4,1.771
0.8,0.4,0.5,4.480273657489381,10.484,1.666e4,0.7935
0.8,0.5,0.5,1.3623055512695312,2.492,5.064e3,0.2412
0.8,0.6,0.5,0.2686402992316484,-0.3113,999.0,0.04758
0.8,0.7,0.5,0.178042440325737,-0.5435,662.0,0.03152
0.8,0.8,0.5,0.1526079488506317,-0.609,567.0,0.02701
0.8,0.9,0.5,0.1441965422210693,-0.6304,536.0,0.02553
0.8,1.0,0.5,0.1402490853171786,-0.6406,521.0,0.02483
0.8,1.1,0.5,0.13914476968475986,-0.643,517.5,0.02466
0.8,1.2,0.5,0.1402490853171786,-0.6406,521.0,0.02483
0.8,1.3,0.5,0.14079907780861853,-0.639,523.0,0.02492
0.8,1.4,0.5,0.14190772409057614,-0.636,527.5,0.02513
0.8,1.5,0.5,0.1430700145474672,-0.6333,531.5,0.02531
0.8,1.6,0.5,0.14477321710160374,-0.629,538.0,0.02563
0.8,1.7,0.5,0.14591315581893918,-0.626,542.5,0.02585
0.8,1.8,0.5,0.14726148958303756,-0.6226,547.5,0.02608
0.8,1.9,0.5,0.14783898169904947,-0.621,549.5,0.02618
0.8,2.0,0.5,0.14900306029510496,-0.618,553.5,0.02637
0.8,2.1,0.5,0.1501856163291931,-0.6147,558.5,0.02661
0.8,2.2,0.5,0.15136817236328123,-0.612,563.0,0.02682
0.8,2.3,0.5,0.15201182795668391,-0.6104,565.0,0.02692
0.8,2.4,0.5,0.15320876360988617,-0.607,570.0,0.02716
0.8,2.5,0.5,0.1538095783691406,-0.6055,572.0,0.02725
0.8,2.6,0.5,0.15442469824171065,-0.604,574.0,0.02734
0.8,2.7,0.5,0.1550302813720703,-0.6025,576.5,0.02747
0.8,2.8,0.5,0.15625098437499998,-0.599,581.5,0.0277
0.8,2.9,0.5,0.15653774089535488,-0.5986,582.0,0.02773
0.8,3.0,0.5,0.15715161046749354,-0.597,584.0,0.02782
0.8,3.1,0.5,0.157780095981826,-0.595,587.0,0.02797
0.8,3.2,0.5,0.15839883753469589,-0.5938,589.0,0.02806
0.8,3.3,0.5,0.15902245106829704,-0.5923,591.0,0.02815
0.8,3.4,0.5,0.15902245106829704,-0.5923,591.0,0.02815
0.8,3.5,0.5,0.1596460646018982,-0.591,593.5,0.02827
0.8,3.6,0.5,0.1596460646018982,-0.591,593.5,0.02827
0.8,3.7,0.5,0.16032492011056507,-0.589,596.0,0.0284
0.8,3.8,0.5,0.16095364136590062,-0.5874,598.5,0.0285
0.8,3.9,0.5,0.16095364136590062,-0.5874,598.5,0.0285
0.8,4.0,0.5,0.16158731318230182,-0.5854,601.0,0.02863
0.8,4.1,0.5,0.16158731318230182,-0.5854,601.0,0.02863
0.8,4.2,0.5,0.16158731318230182,-0.5854,601.0,0.02863
0.8,4.3,0.5,0.16158731318230182,-0.5854,601.0,0.02863
0.8,4.4,0.5,0.162220984998703,-0.584,603.0,0.02873
0.8,4.5,0.5,0.162220984998703,-0.584,603.0,0.02873
0.8,4.6,0.5,0.16286974423930423,-0.5825,605.5,0.02884
0.8,4.7,0.5,0.16286974423930423,-0.5825,605.5,0.02884
0.8,4.8,0.5,0.16286974423930423,-0.5825,605.5,0.02884
0.8,4.9,0.5,0.16350844519710542,-0.5806,608.0,0.02896
0.8,5.0,0.5,0.16350844519710542,-0.5806,608.0,0.02896
0.9,0.1,0.5,10.0,24.64,3.72e4,1.771
0.9,0.2,0.5,10.0,24.64,3.72e4,1.771
0.9,0.3,0.5,10.0,24.64,3.72e4,1.771
0.9,0.4,0.5,3.8001514303468316,8.74,1.413e4,0.673
0.9,0.5,0.5,0.6811532756347656,0.7466,2.532e3,0.1206
0.9,0.6,0.5,0.09613136148071287,-0.7534,358.0,0.01706
0.9,0.7,0.5,0.08720497077178954,-0.7764,324.0,0.015434
0.9,0.8,0.5,0.09239973856190589,-0.763,343.0,0.01634
0.9,0.9,0.5,0.0993357068634033,-0.745,370.0,0.01762
0.9,1.0,0.5,0.10643104306793212,-0.727,396.0,0.01886
0.9,1.1,0.5,0.11352637927246093,-0.709,422.0,0.0201
0.9,1.2,0.5,0.11869529355049131,-0.696,441.0,0.02101
0.9,1.3,0.5,0.12416938357925414,-0.6816,461.5,0.02199
0.9,1.4,0.5,0.1283083296985626,-0.671,477.0,0.02272
0.9,1.5,0.5,0.1330104744620984,-0.659,494.0,0.02353
0.9,1.6,0.5,0.13671973632812498,-0.6494,508.5,0.02423
0.9,1.7,0.5,0.14079907780861853,-0.639,523.0,0.02492
0.9,1.8,0.5,0.14363327838426826,-0.632,534.0,0.02544
0.9,1.9,0.5,0.14648536035156248,-0.6245,544.5,0.02594
0.9,2.0,0.5,0.14900306029510496,-0.618,553.5,0.02637
0.9,2.1,0.5,0.15201182795668391,-0.6104,565.0,0.02692
0.9,2.2,0.5,0.1538095783691406,-0.6055,572.0,0.02725
0.9,2.3,0.5,0.15564063287353513,-0.601,578.5,0.02756
0.9,2.4,0.5,0.157780095981826,-0.595,587.0,0.02797
0.9,2.5,0.5,0.1596460646018982,-0.591,593.5,0.02827
0.9,2.6,0.5,0.16095364136590062,-0.5874,598.5,0.0285
0.9,2.7,0.5,0.162220984998703,-0.584,603.0,0.02873
0.9,2.8,0.5,0.1641521752963066,-0.579,610.5,0.02908
0.9,2.9,0.5,0.16496756675529478,-0.577,613.0,0.0292
0.9,3.0,0.5,0.16631872941143064,-0.5737,618.0,0.02943
0.9,3.1,0.5,0.16762831783199308,-0.5703,623.0,0.02968
0.9,3.2,0.5,0.16829870238061434,-0.5684,626.0,0.02982
0.9,3.3,0.5,0.16962388113951682,-0.565,631.0,0.03006
0.9,3.4,0.5,0.1702890689086914,-0.5635,633.0,0.03015
0.9,3.5,0.5,0.17101318145126942,-0.5615,636.0,0.0303
0.9,3.6,0.5,0.17168381745696068,-0.5596,638.5,0.03041
0.9,3.7,0.5,0.17235973406112193,-0.558,640.5,0.03052
0.9,3.8,0.5,0.1730356506652832,-0.556,643.5,0.03065
0.9,3.9,0.5,0.17372766052192448,-0.5547,645.5,0.03075
0.9,4.0,0.5,0.17440894154357908,-0.5527,648.5,0.0309
0.9,4.1,0.5,0.17509558698272704,-0.5513,650.5,0.03099
0.9,4.2,0.5,0.175782232421875,-0.5493,653.5,0.03113
0.9,4.3,0.5,0.17595054102072863,-0.549,654.0,0.03116
0.9,4.4,0.5,0.1766405392208099,-0.547,657.0,0.0313
0.9,4.5,0.5,0.1766405392208099,-0.547,657.0,0.0313
0.9,4.6,0.5,0.17734696594946459,-0.5454,659.0,0.0314
0.9,4.7,0.5,0.17734696594946459,-0.5454,659.0,0.0314
0.9,4.8,0.5,0.178042440325737,-0.5435,662.0,0.03152
0.9,4.9,0.5,0.17874339087820051,-0.5415,665.0,0.03168
0.9,5.0,0.5,0.17874339087820051,-0.5415,665.0,0.03168
1.0,0.1,0.5,10.0,24.64,3.72e4,1.771
1.0,0.2,0.5,10.0,24.64,3.72e4,1.771
1.0,0.3,0.5,9.571348598543018,23.55,3.56e4,1.695
1.0,0.4,0.5,3.1191214254600754,6.996,1.159e4,0.5522
1.0,0.5,0.5,0.0006113515014648437,-0.9985,2.0,9.525e-5
1.0,0.6,0.5,0.024834676715850827,-0.9365,92.0,0.004383
1.0,0.7,0.5,0.04486183535766601,-0.885,167.0,0.00796
1.0,0.8,0.5,0.06208519178962707,-0.841,231.0,0.011
1.0,0.9,0.5,0.07630447442531585,-0.804,284.0,0.01353
1.0,1.0,0.5,0.08832076961040496,-0.7734,329.0,0.01567
1.0,1.1,0.5,0.0993357068634033,-0.745,370.0,0.01762
1.0,1.2,0.5,0.10814765666580199,-0.7227,402.0,0.01915
1.0,1.3,0.5,0.11627296102905273,-0.7017,432.5,0.0206
1.0,1.4,0.5,0.12416938357925414,-0.6816,461.5,0.02199
1.0,1.5,0.5,0.12986851837244257,-0.667,483.0,0.02301
1.0,1.6,0.5,0.1356516212005615,-0.6523,504.0,0.024
1.0,1.7,0.5,0.14079907780861853,-0.639,523.0,0.02492
1.0,1.8,0.5,0.1453409512863159,-0.6274,540.0,0.02573
1.0,1.9,0.5,0.14900306029510496,-0.618,553.5,0.02637
1.0,2.0,0.5,0.15320876360988617,-0.607,570.0,0.02716
1.0,2.1,0.5,0.15715161046749354,-0.597,584.0,0.02782
1.0,2.2,0.5,0.15968629773309825,-0.5903,594.0,0.02829
1.0,2.3,0.5,0.162220984998703,-0.584,603.0,0.02873
1.0,2.4,0.5,0.16566905078091723,-0.575,616.0,0.02934
1.0,2.5,0.5,0.16829870238061434,-0.5684,626.0,0.02982
1.0,2.6,0.5,0.1702890689086914,-0.5635,633.0,0.03015
1.0,2.7,0.5,0.17235973406112193,-0.558,640.5,0.03052
1.0,2.8,0.5,0.17372766052192448,-0.5547,645.5,0.03075
1.0,2.9,0.5,0.175782232421875,-0.5493,653.5,0.03113
1.0,3.0,0.5,0.17734696594946459,-0.5454,659.0,0.0314
1.0,3.1,0.5,0.17944434143066404,-0.54,667.0,0.03177
1.0,3.2,0.5,0.18024542777633662,-0.5376,670.5,0.03195
1.0,3.3,0.5,0.18191101654375225,-0.5337,676.0,0.0322
1.0,3.4,0.5,0.18262719771124733,-0.5317,679.0,0.03235
1.0,3.5,0.5,0.1840766119787969,-0.528,684.5,0.0326
1.0,3.6,0.5,0.18552602624634648,-0.5244,689.5,0.03284
1.0,3.7,0.5,0.18625357536888118,-0.5225,692.5,0.033
1.0,3.8,0.5,0.18704557346232592,-0.5205,695.5,0.03314
1.0,3.9,0.5,0.1885183653793521,-0.5166,701.0,0.0334
1.0,4.0,0.5,0.18925764916515347,-0.5146,704.0,0.03354
1.0,4.1,0.5,0.18925764916515347,-0.5146,704.0,0.03354
1.0,4.2,0.5,0.19001453494585488,-0.5127,706.5,0.03366
1.0,4.3,0.5,0.19151070451235766,-0.509,712.5,0.03394
1.0,4.4,0.5,0.19226172296142574,-0.507,715.0,0.03406
1.0,4.5,0.5,0.1924619945478439,-0.5063,716.0,0.03412
1.0,4.6,0.5,0.19328039257773677,-0.5044,718.5,0.03424
1.0,4.7,0.5,0.1940383509800024,-0.5024,721.5,0.03436
1.0,4.8,0.5,0.1940383509800024,-0.5024,721.5,0.03436
1.0,4.9,0.5,0.19480227755866383,-0.5005,724.5,0.03452
1.0,5.0,0.5,0.19480227755866383,-0.5005,724.5,0.03452
1.1,0.1,0.5,10.0,24.64,3.72e4,1.771
1.1,0.2,0.5,10.0,24.64,3.72e4,1.771
1.1,0.3,0.5,8.8905336407319,21.8,3.306e4,1.574
1.1,0.4,0.5,2.4381366205450417,5.25,9.064e3,0.432
1.1,0.5,0.5,0.020600363174438478,-0.9473,76.0,0.00362
1.1,0.6,0.5,0.02660851076698303,-0.9316,99.0,0.004715
1.1,0.7,0.5,0.039288652616873386,-0.8994,146.0,0.006954
1.1,0.8,0.5,0.05493263513183593,-0.8594,204.0,0.00972
1.1,0.9,0.5,0.06984571576333044,-0.821,260.0,0.01238
1.1,1.0,0.5,0.08381465891599654,-0.785,312.0,0.01486
1.1,1.1,0.5,0.09613136148071287,-0.7534,358.0,0.01706
1.1,1.2,0.5,0.10643104306793212,-0.727,396.0,0.01886
1.1,1.3,0.5,0.11627296102905273,-0.7017,432.5,0.0206
1.1,1.4,0.5,0.12518638772903382,-0.679,465.0,0.02216
1.1,1.5,0.5,0.13244727581787108,-0.66,493.0,0.02348
1.1,1.6,0.5,0.13914476968475986,-0.643,517.5,0.02466
1.1,1.7,0.5,0.1453409512863159,-0.6274,540.0,0.02573
1.1,1.8,0.5,0.15136817236328123,-0.612,563.0,0.02682
1.1,1.9,0.5,0.15625098437499998,-0.599,581.5,0.0277
1.1,2.0,0.5,0.16095364136590062,-0.5874,598.5,0.0285
1.1,2.1,0.5,0.1647959053955078,-0.5776,612.5,0.02917
1.1,2.2,0.5,0.16895869337034225,-0.567,628.0,0.02992
1.1,2.3,0.5,0.17235973406112193,-0.558,640.5,0.03052
1.1,2.4,0.5,0.17509558698272704,-0.5513,650.5,0.03099
1.1,2.5,0.5,0.17874339087820051,-0.5415,665.0,0.03168
1.1,2.6,0.5,0.1812004305416282,-0.535,674.0,0.0321
1.1,2.7,0.5,0.1840766119787969,-0.528,684.5,0.0326
1.1,2.8,0.5,0.18625357536888118,-0.5225,692.5,0.033
1.1,2.9,0.5,0.1885183653793521,-0.5166,701.0,0.0334
1.1,3.0,0.5,0.19001453494585488,-0.5127,706.5,0.03366
1.1,3.1,0.5,0.19226172296142574,-0.507,715.0,0.03406
1.1,3.2,0.5,0.1940383509800024,-0.5024,721.5,0.03436
1.1,3.3,0.5,0.19556620413732526,-0.4985,727.0,0.03464
1.1,3.4,0.5,0.19711830893206592,-0.4946,733.0,0.0349
1.1,3.5,0.5,0.1986704137268066,-0.4905,739.0,0.03522
1.1,3.6,0.5,0.19951521169314765,-0.4885,741.5,0.0353
1.1,3.7,0.5,0.20108618973797557,-0.4844,747.5,0.0356
1.1,3.8,0.5,0.20187475910949704,-0.4824,750.5,0.03577
1.1,3.9,0.5,0.20347693180084225,-0.4783,756.5,0.03604
1.1,4.0,0.5,0.20427801814651486,-0.4763,759.5,0.0362
1.1,4.1,0.5,0.20599463174438473,-0.472,765.5,0.03647
1.1,4.2,0.5,0.2062092084441185,-0.4712,767.0,0.03653
1.1,4.3,0.5,0.20708606347614658,-0.469,770.0,0.03668
1.1,4.4,0.5,0.20789816176428833,-0.467,773.0,0.03683
1.1,4.5,0.5,0.20871665452713983,-0.4648,776.0,0.03696
1.1,4.6,0.5,0.20953514728999137,-0.4626,779.0,0.0371
1.1,4.7,0.5,0.2103731279757679,-0.4607,782.0,0.03726
1.1,4.8,0.5,0.2111981167129278,-0.4585,785.0,0.03738
1.1,4.9,0.5,0.21202960142439603,-0.4563,788.5,0.03757
1.1,5.0,0.5,0.21286108613586424,-0.454,791.5,0.03772
1.2,0.1,0.5,10.0,24.64,3.72e4,1.771
1.2,0.2,0.5,10.0,24.64,3.72e4,1.771
1.2,0.3,0.5,8.209665298681466,20.05,3.053e4,1.454
1.2,0.4,0.5,1.756955017419815,3.506,6.536e3,0.3113
1.2,0.5,0.5,0.041199726348876954,-0.8945,153.0,0.00729
1.2,0.6,0.5,0.045836594719685604,-0.8823,171.0,0.00815
1.2,0.7,0.5,0.05321602153396606,-0.864,198.0,0.00943
1.2,0.8,0.5,0.06358722868776322,-0.837,236.0,0.011246
1.2,0.9,0.5,0.07630447442531585,-0.804,284.0,0.01353
1.2,1.0,0.5,0.0890217201628685,-0.772,331.0,0.01576
1.2,1.1,0.5,0.10093787955474852,-0.741,375.0,0.01787
1.2,1.2,0.5,0.11175254522132873,-0.7134,416.0,0.01982
1.2,1.3,0.5,0.1222292525858283,-0.6865,454.5,0.02165
1.2,1.4,0.5,0.13089921296270005,-0.6646,486.5,0.02318
1.2,1.5,0.5,0.13914476968475986,-0.643,517.5,0.02466
1.2,1.6,0.5,0.1466379482269287,-0.624,545.0,0.02596
1.2,1.7,0.5,0.1538095783691406,-0.6055,572.0,0.02725
1.2,1.8,0.5,0.15968629773309825,-0.5903,594.0,0.02829
1.2,1.9,0.5,0.16566905078091723,-0.575,616.0,0.02934
1.2,2.0,0.5,0.1702890689086914,-0.5635,633.0,0.03015
1.2,2.1,0.5,0.17509558698272704,-0.5513,650.5,0.03099
1.2,2.2,0.5,0.1795413479803353,-0.5396,667.5,0.0318
1.2,2.3,0.5,0.1840766119787969,-0.528,684.5,0.0326
1.2,2.4,0.5,0.18777908159355072,-0.5186,698.0,0.03326
1.2,2.5,0.5,0.1907596860632896,-0.5107,709.5,0.0338
1.2,2.6,0.5,0.1940383509800024,-0.5024,721.5,0.03436
1.2,2.7,0.5,0.19711830893206592,-0.4946,733.0,0.0349
1.2,2.8,0.5,0.19951521169314765,-0.4885,741.5,0.0353
1.2,2.9,0.5,0.20187475910949704,-0.4824,750.5,0.03577
1.2,3.0,0.5,0.20427801814651486,-0.4763,759.5,0.0362
1.2,3.1,0.5,0.2062092084441185,-0.4712,767.0,0.03653
1.2,3.2,0.5,0.20871665452713983,-0.4648,776.0,0.03696
1.2,3.3,0.5,0.2103731279757679,-0.4607,782.0,0.03726
1.2,3.4,0.5,0.21202960142439603,-0.4563,788.5,0.03757
1.2,3.5,0.5,0.21376622681408675,-0.452,794.5,0.03784
1.2,3.6,0.5,0.2154494175764024,-0.4475,801.0,0.03815
1.2,3.7,0.5,0.2171593256524056,-0.443,807.5,0.03845
1.2,3.8,0.5,0.21801092692947385,-0.441,810.5,0.0386
1.2,3.9,0.5,0.21972754052734372,-0.4365,817.0,0.0389
1.2,4.0,0.5,0.2208917343745563,-0.4336,821.5,0.03912
1.2,4.1,0.5,0.22175797254857418,-0.4314,824.5,0.03928
1.2,4.2,0.5,0.22263103149561583,-0.4292,827.5,0.03943
1.2,4.3,0.5,0.22439793650748577,-0.4246,834.5,0.03976
1.2,4.4,0.5,0.22527792449378964,-0.4224,837.5,0.0399
1.2,4.5,0.5,0.22616484151935576,-0.4202,841.0,0.04007
1.2,4.6,0.5,0.22705175854492185,-0.4177,844.5,0.04022
1.2,4.7,0.5,0.2280172419350259,-0.4153,848.0,0.0404
1.2,4.8,0.5,0.22891142327594757,-0.413,851.0,0.04053
1.2,4.9,0.5,0.22981264541482924,-0.4106,854.5,0.0407
1.2,5.0,0.5,0.22981264541482924,-0.4106,854.5,0.0407
1.3,0.1,0.5,10.0,24.64,3.72e4,1.771
1.3,0.2,0.5,10.0,24.64,3.72e4,1.771
1.3,0.3,0.5,7.529261359287022,18.31,2.802e4,1.335
1.3,0.4,0.5,1.0761353356696366,1.76,4.002e3,0.1907
1.3,0.5,0.5,0.06208519178962707,-0.841,231.0,0.011
1.3,0.6,0.5,0.06570676964402199,-0.8315,244.0,0.01163
1.3,0.7,0.5,0.0715355072737336,-0.8164,266.0,0.01267
1.3,0.8,0.5,0.0798235323009491,-0.7954,297.0,0.014145
1.3,0.9,0.5,0.0890217201628685,-0.772,331.0,0.01576
1.3,1.0,0.5,0.10014931018322705,-0.743,372.0,0.01772
1.3,1.1,0.5,0.11087948627428709,-0.716,412.0,0.01962
1.3,1.2,0.5,0.1222292525858283,-0.6865,454.5,0.02165
1.3,1.3,0.5,0.13141253928804397,-0.663,488.5,0.02327
1.3,1.4,0.5,0.14079907780861853,-0.639,523.0,0.02492
1.3,1.5,0.5,0.1495989576716572,-0.616,556.5,0.0265
1.3,1.6,0.5,0.15715161046749354,-0.597,584.0,0.02782
1.3,1.7,0.5,0.1647959053955078,-0.5776,612.5,0.02917
1.3,1.8,0.5,0.17101318145126942,-0.5615,636.0,0.0303
1.3,1.9,0.5,0.17734696594946459,-0.5454,659.0,0.0314
1.3,2.0,0.5,0.18262719771124733,-0.5317,679.0,0.03235
1.3,2.1,0.5,0.18777908159355072,-0.5186,698.0,0.03326
1.3,2.2,0.5,0.19226172296142574,-0.507,715.0,0.03406
1.3,2.3,0.5,0.19711830893206592,-0.4946,733.0,0.0349
1.3,2.4,0.5,0.20108618973797557,-0.4844,747.5,0.0356
1.3,2.5,0.5,0.20507910449218747,-0.474,762.5,0.03632
1.3,2.6,0.5,0.20789816176428833,-0.467,773.0,0.03683
1.3,2.7,0.5,0.2111981167129278,-0.4585,785.0,0.03738
1.3,2.8,0.5,0.21376622681408675,-0.452,794.5,0.03784
1.3,2.9,0.5,0.21629431333160398,-0.4453,804.5,0.03833
1.3,3.0,0.5,0.21972754052734372,-0.4365,817.0,0.0389
1.3,3.1,0.5,0.22175797254857418,-0.4314,824.5,0.03928
1.3,3.2,0.5,0.22439793650748577,-0.4246,834.5,0.03976
1.3,3.3,0.5,0.22616484151935576,-0.4202,841.0,0.04007
1.3,3.4,0.5,0.2280172419350259,-0.4153,848.0,0.0404
1.3,3.5,0.5,0.22981264541482924,-0.4106,854.5,0.0407
1.3,3.6,0.5,0.23163654736256598,-0.406,861.5,0.04105
1.3,3.7,0.5,0.23346044931030271,-0.4014,868.0,0.04135
1.3,3.8,0.5,0.23460038802763816,-0.3984,872.5,0.04156
1.3,3.9,0.5,0.23646228793261945,-0.3938,879.0,0.04187
1.3,4.0,0.5,0.23832418783760068,-0.389,886.0,0.0422
1.3,4.1,0.5,0.23925878857421873,-0.3865,889.5,0.04236
1.3,4.2,0.5,0.24032690370178222,-0.3838,893.5,0.04257
1.3,4.3,0.5,0.24160024072217104,-0.3806,898.0,0.0428
1.3,4.4,0.5,0.24254768872500307,-0.3782,901.5,0.04294
1.3,4.5,0.5,0.24350259694832985,-0.3757,905.0,0.04312
1.3,4.6,0.5,0.24445750517165662,-0.3733,908.5,0.04327
1.3,4.7,0.5,0.2454351493050626,-0.3706,912.5,0.04346
1.3,4.8,0.5,0.24639763616508245,-0.3682,916.0,0.04364
1.3,4.9,0.5,0.2473677016617954,-0.3657,919.5,0.0438
1.3,5.0,0.5,0.2483377671585083,-0.3633,923.0,0.04398
1.4,0.1,0.5,10.0,24.64,3.72e4,1.771
1.4,0.2,0.5,10.0,24.64,3.72e4,1.771
1.4,0.3,0.5,6.848045803914573,16.56,2.547e4,1.214
1.4,0.4,0.5,0.3950147017161795,0.012856,1.469e3,0.07
1.4,0.5,0.5,0.08239845269775391,-0.7886,307.0,0.014626
1.4,0.6,0.5,0.08584240872848034,-0.78,319.0,0.0152
1.4,0.7,0.5,0.09095600827187612,-0.7666,338.0,0.0161
1.4,0.8,0.5,0.09778360206866263,-0.7495,363.0,0.01729
1.4,0.9,0.5,0.10643104306793212,-0.727,396.0,0.01886
1.4,1.0,0.5,0.11535743377685546,-0.704,429.0,0.02043
1.4,1.1,0.5,0.12518638772903382,-0.679,465.0,0.02216
1.4,1.2,0.5,0.13512173596149682,-0.6533,502.5,0.02394
1.4,1.3,0.5,0.14420548291689156,-0.6304,536.0,0.02553
1.4,1.4,0.5,0.15320876360988617,-0.607,570.0,0.02716
1.4,1.5,0.5,0.162220984998703,-0.584,603.0,0.02873
1.4,1.6,0.5,0.16962388113951682,-0.565,631.0,0.03006
1.4,1.7,0.5,0.17734696594946459,-0.5454,659.0,0.0314
1.4,1.8,0.5,0.1840766119787969,-0.528,684.5,0.0326
1.4,1.9,0.5,0.1907596860632896,-0.5107,709.5,0.0338
1.4,2.0,0.5,0.19634831944405004,-0.4966,730.0,0.0348
1.4,2.1,0.5,0.20187475910949704,-0.4824,750.5,0.03577
1.4,2.2,0.5,0.20708606347614658,-0.469,770.0,0.03668
1.4,2.3,0.5,0.2111981167129278,-0.4585,785.0,0.03738
1.4,2.4,0.5,0.2154494175764024,-0.4475,801.0,0.03815
1.4,2.5,0.5,0.21886923372840877,-0.4387,814.0,0.0388
1.4,2.6,0.5,0.22263103149561583,-0.4292,827.5,0.03943
1.4,2.7,0.5,0.22616484151935576,-0.4202,841.0,0.04007
1.4,2.8,0.5,0.22981264541482924,-0.4106,854.5,0.0407
1.4,2.9,0.5,0.23254492205810545,-0.4038,864.5,0.04117
1.4,3.0,0.5,0.23552038562774655,-0.396,876.0,0.04172
1.4,3.1,0.5,0.23832418783760068,-0.389,886.0,0.0422
1.4,3.2,0.5,0.24032690370178222,-0.3838,893.5,0.04257
1.4,3.3,0.5,0.24254768872500307,-0.3782,901.5,0.04294
1.4,3.4,0.5,0.24445750517165662,-0.3733,908.5,0.04327
1.4,3.5,0.5,0.2473677016617954,-0.3657,919.5,0.0438
1.4,3.6,0.5,0.24840035202926397,-0.363,923.5,0.044
1.4,3.7,0.5,0.25037177545806766,-0.358,931.0,0.04434
1.4,3.8,0.5,0.25234319888687134,-0.353,938.0,0.04468
1.4,3.9,0.5,0.2543459147510529,-0.348,945.5,0.04504
1.4,4.0,0.5,0.2553472726831436,-0.3452,949.5,0.04523
1.4,4.1,0.5,0.2563486306152344,-0.3428,953.0,0.0454
1.4,4.2,0.5,0.2577068567703157,-0.339,958.0,0.04562
1.4,4.3,0.5,0.25871746797333656,-0.3367,962.0,0.04584
1.4,4.4,0.5,0.25973603674488516,-0.334,966.0,0.04602
1.4,4.5,0.5,0.26128610478101455,-0.33,971.5,0.04626
1.4,4.6,0.5,0.2623107522507441,-0.3274,975.0,0.04645
1.4,4.7,0.5,0.2633434678107863,-0.3247,979.0,0.04663
1.4,4.8,0.5,0.26437618337082863,-0.322,983.0,0.0468
1.4,4.9,0.5,0.26550038066457926,-0.3193,987.0,0.04703
1.4,5.0,0.5,0.2665415547064012,-0.3167,991.0,0.0472
1.5,0.1,0.5,10.0,24.64,3.72e4,1.771
1.5,0.2,0.5,10.0,24.64,3.72e4,1.771
1.5,0.3,0.5,6.16683341627134,14.81,2.293e4,1.092
1.5,0.4,0.5,0.10093787955474852,-0.741,375.0,0.01787
1.5,0.5,0.5,0.10299781587219237,-0.736,383.0,0.01825
1.5,0.6,0.5,0.10643104306793212,-0.727,396.0,0.01886
1.5,0.7,0.5,0.11087948627428709,-0.716,412.0,0.01962
1.5,0.8,0.5,0.11718848828124999,-0.6997,435.5,0.02075
1.5,0.9,0.5,0.12416938357925414,-0.6816,461.5,0.02199
1.5,1.0,0.5,0.13244727581787108,-0.66,493.0,0.02348
1.5,1.1,0.5,0.14135340094959734,-0.6377,525.5,0.02504
1.5,1.2,0.5,0.1501856163291931,-0.6147,558.5,0.02661
1.5,1.3,0.5,0.1596460646018982,-0.591,593.5,0.02827
1.5,1.4,0.5,0.16829870238061434,-0.5684,626.0,0.02982
1.5,1.5,0.5,0.1766405392208099,-0.547,657.0,0.0313
1.5,1.6,0.5,0.1840766119787969,-0.528,684.5,0.0326
1.5,1.7,0.5,0.19151070451235766,-0.509,712.5,0.03394
1.5,1.8,0.5,0.1986704137268066,-0.4905,739.0,0.03522
1.5,1.9,0.5,0.20507910449218747,-0.474,762.5,0.03632
1.5,2.0,0.5,0.2111981167129278,-0.4585,785.0,0.03738
1.5,2.1,0.5,0.21629431333160398,-0.4453,804.5,0.03833
1.5,2.2,0.5,0.22175797254857418,-0.4314,824.5,0.03928
1.5,2.3,0.5,0.22705175854492185,-0.4177,844.5,0.04022
1.5,2.4,0.5,0.23071386755371093,-0.4084,858.0,0.04086
1.5,2.5,0.5,0.23552038562774655,-0.396,876.0,0.04172
1.5,2.6,0.5,0.23925878857421873,-0.3865,889.5,0.04236
1.5,2.7,0.5,0.24254768872500307,-0.3782,901.5,0.04294
1.5,2.8,0.5,0.24639763616508245,-0.3682,916.0,0.04364
1.5,2.9,0.5,0.2493937646164346,-0.3606,927.0,0.04416
1.5,3.0,0.5,0.25234319888687134,-0.353,938.0,0.04468
1.5,3.1,0.5,0.2543459147510529,-0.348,945.5,0.04504
1.5,3.2,0.5,0.25720352501881116,-0.3406,956.0,0.04553
1.5,3.3,0.5,0.25973603674488516,-0.334,966.0,0.04602
1.5,3.4,0.5,0.2617974259254001,-0.3286,973.5,0.0464
1.5,3.5,0.5,0.26437618337082863,-0.322,983.0,0.0468
1.5,3.6,0.5,0.26601994892419684,-0.3179,989.0,0.04712
1.5,3.7,0.5,0.2681145863173008,-0.3125,997.0,0.0475
1.5,3.8,0.5,0.2697146565481441,-0.3083,1.003e3,0.0478
1.5,3.9,0.5,0.27130224240112305,-0.3044,1.0085e3,0.04803
1.5,4.0,0.5,0.27290441509246827,-0.3003,1.0145e3,0.04834
1.5,4.1,0.5,0.2741227339098454,-0.297,1.019e3,0.04855
1.5,4.2,0.5,0.27557513394872624,-0.2935,1.024e3,0.04877
1.5,4.3,0.5,0.2771972156857177,-0.2893,1.03e3,0.04907
1.5,4.4,0.5,0.27828853936951975,-0.2864,1.035e3,0.04932
1.5,4.5,0.5,0.279949326551087,-0.2822,1.041e3,0.0496
1.5,4.6,0.5,0.28104716312579714,-0.2793,1.045e3,0.04977
1.5,4.7,0.5,0.2821536440829853,-0.2766,1.049e3,0.04996
1.5,4.8,0.5,0.2832601250401735,-0.2737,1.053e3,0.05017
1.5,4.9,0.5,0.2838144481811523,-0.2722,1.055e3,0.05026
1.5,5.0,0.5,0.2850213024187824,-0.2693,1.06e3,0.0505
1.6,0.1,0.5,10.0,24.64,3.72e4,1.771
1.6,0.2,0.5,10.0,24.64,3.72e4,1.771
1.6,0.3,0.5,5.485806146226344,13.06,2.04e4,0.9717
1.6,0.4,0.5,0.12127434436250152,-0.689,451.0,0.02148
1.6,0.5,0.5,0.12416938357925414,-0.6816,461.5,0.02199
1.6,0.6,0.5,0.12717345737552643,-0.674,473.0,0.02254
1.6,0.7,0.5,0.13141253928804397,-0.663,488.5,0.02327
1.6,0.8,0.5,0.13671973632812498,-0.6494,508.5,0.02423
1.6,0.9,0.5,0.14363327838426826,-0.632,534.0,0.02544
1.6,1.0,0.5,0.15077689434623717,-0.6133,560.5,0.0267
1.6,1.1,0.5,0.15902245106829704,-0.5923,591.0,0.02815
1.6,1.2,0.5,0.16762831783199308,-0.5703,623.0,0.02968
1.6,1.3,0.5,0.175782232421875,-0.5493,653.5,0.03113
1.6,1.4,0.5,0.1840766119787969,-0.528,684.5,0.0326
1.6,1.5,0.5,0.19226172296142574,-0.507,715.0,0.03406
1.6,1.6,0.5,0.2002976203664541,-0.4863,745.0,0.0355
1.6,1.7,0.5,0.20789816176428833,-0.467,773.0,0.03683
1.6,1.8,0.5,0.21460452182120082,-0.4497,798.0,0.03802
1.6,1.9,0.5,0.2208917343745563,-0.4336,821.5,0.03912
1.6,2.0,0.5,0.22705175854492185,-0.4177,844.5,0.04022
1.6,2.1,0.5,0.23254492205810545,-0.4038,864.5,0.04117
1.6,2.2,0.5,0.23832418783760068,-0.389,886.0,0.0422
1.6,2.3,0.5,0.24254768872500307,-0.3782,901.5,0.04294
1.6,2.4,0.5,0.2473677016617954,-0.3657,919.5,0.0438
1.6,2.5,0.5,0.25135748717246953,-0.3555,934.5,0.04453
1.6,2.6,0.5,0.2553472726831436,-0.3452,949.5,0.04523
1.6,2.7,0.5,0.25922874175124283,-0.3352,964.0,0.04593
1.6,2.8,0.5,0.26282407857608797,-0.3262,977.0,0.04654
1.6,2.9,0.5,0.26601994892419684,-0.3179,989.0,0.04712
1.6,3.0,0.5,0.26916601214599606,-0.3098,1.001e3,0.0477
1.6,3.1,0.5,0.2718383861272633,-0.303,1.011e3,0.04816
1.6,3.2,0.5,0.2746591756591797,-0.2957,1.021e3,0.04865
1.6,3.3,0.5,0.2771972156857177,-0.2893,1.03e3,0.04907
1.6,3.4,0.5,0.2793798630533218,-0.2837,1.039e3,0.0495
1.6,3.5,0.5,0.2815971556172371,-0.278,1.047e3,0.04987
1.6,3.6,0.5,0.2838144481811523,-0.2722,1.055e3,0.05026
1.6,3.7,0.5,0.2855801657568584,-0.2678,1.062e3,0.0506
1.6,3.8,0.5,0.2878288206053376,-0.262,1.07e3,0.05096
1.6,3.9,0.5,0.2895454342032075,-0.2576,1.076e3,0.05127
1.6,4.0,0.5,0.2912553422792107,-0.2532,1.083e3,0.0516
1.6,4.1,0.5,0.292969720703125,-0.2488,1.089e3,0.05188
1.6,4.2,0.5,0.29452197916607514,-0.2449,1.095e3,0.05215
1.6,4.3,0.5,0.29567696339809896,-0.2418,1.099e3,0.05237
1.6,4.4,0.5,0.2974230812921822,-0.2374,1.106e3,0.05267
1.6,4.5,0.5,0.2986125483211595,-0.2344,1.11e3,0.0529
1.6,4.6,0.5,0.2997835740008503,-0.2313,1.114e3,0.05307
1.6,4.7,0.5,0.30037023265838625,-0.2299,1.117e3,0.05322
1.6,4.8,0.5,0.30155278869247437,-0.2268,1.121e3,0.0534
1.6,4.9,0.5,0.3027353447265625,-0.2238,1.126e3,0.05365
1.6,5.0,0.5,0.30342886361666205,-0.2219,1.128e3,0.05374
1.7,0.1,0.5,10.0,24.64,3.72e4,1.771
1.7,0.2,0.5,10.0,24.64,3.72e4,1.771
1.7,0.3,0.5,4.805322063876644,11.32,1.787e4,0.8516
1.7,0.4,0.5,0.14190772409057614,-0.636,527.5,0.02513
1.7,0.5,0.5,0.1441965422210693,-0.6304,536.0,0.02553
1.7,0.6,0.5,0.14726148958303756,-0.6226,547.5,0.02608
1.7,0.7,0.5,0.15140631933212279,-0.612,563.0,0.02682
1.7,0.8,0.5,0.15653774089535488,-0.5986,582.0,0.02773
1.7,0.9,0.5,0.16286974423930423,-0.5825,605.5,0.02884
1.7,1.0,0.5,0.1702890689086914,-0.5635,633.0,0.03015
1.7,1.1,0.5,0.17734696594946459,-0.5454,659.0,0.0314
1.7,1.2,0.5,0.18552602624634648,-0.5244,689.5,0.03284
1.7,1.3,0.5,0.19328039257773677,-0.5044,718.5,0.03424
1.7,1.4,0.5,0.20187475910949704,-0.4824,750.5,0.03577
1.7,1.5,0.5,0.20953514728999137,-0.4626,779.0,0.0371
1.7,1.6,0.5,0.2171593256524056,-0.443,807.5,0.03845
1.7,1.7,0.5,0.22439793650748577,-0.4246,834.5,0.03976
1.7,1.8,0.5,0.23071386755371093,-0.4084,858.0,0.04086
1.7,1.9,0.5,0.23738958710098265,-0.3914,882.5,0.04205
1.7,2.0,0.5,0.24350259694832985,-0.3757,905.0,0.04312
1.7,2.1,0.5,0.2493937646164346,-0.3606,927.0,0.04416
1.7,2.2,0.5,0.2543459147510529,-0.348,945.5,0.04504
1.7,2.3,0.5,0.25973603674488516,-0.334,966.0,0.04602
1.7,2.4,0.5,0.26437618337082863,-0.322,983.0,0.0468
1.7,2.5,0.5,0.2686402992316484,-0.3113,999.0,0.04758
1.7,2.6,0.5,0.27290441509246827,-0.3003,1.0145e3,0.04834
1.7,2.7,0.5,0.27665581682695656,-0.2905,1.029e3,0.049
1.7,2.8,0.5,0.28049717063435725,-0.2808,1.043e3,0.04968
1.7,2.9,0.5,0.2838144481811523,-0.2722,1.055e3,0.05026
1.7,3.0,0.5,0.286704493181098,-0.265,1.066e3,0.05078
1.7,3.1,0.5,0.2895454342032075,-0.2576,1.076e3,0.05127
1.7,3.2,0.5,0.2923975161705017,-0.2502,1.087e3,0.0518
1.7,3.3,0.5,0.29452197916607514,-0.2449,1.095e3,0.05215
1.7,3.4,0.5,0.2974230812921822,-0.2374,1.106e3,0.05267
1.7,3.5,0.5,0.2997835740008503,-0.2313,1.114e3,0.05307
1.7,3.6,0.5,0.30214406670951843,-0.2252,1.124e3,0.05356
1.7,3.7,0.5,0.30402265591336786,-0.2205,1.13e3,0.05383
1.7,3.8,0.5,0.30641652721977236,-0.2144,1.139e3,0.05426
1.7,3.9,0.5,0.30824517891216463,-0.2096,1.146e3,0.0546
1.7,4.0,0.5,0.31005956274414065,-0.205,1.153e3,0.05493
1.7,4.1,0.5,0.3112802657470703,-0.2019,1.157e3,0.0551
1.7,4.2,0.5,0.3130744817907098,-0.1973,1.164e3,0.05545
1.7,4.3,0.5,0.3143022209349871,-0.1941,1.168e3,0.05563
1.7,4.4,0.5,0.315559191963652,-0.1909,1.173e3,0.05588
1.7,4.5,0.5,0.3167966750693918,-0.1877,1.178e3,0.05612
1.7,4.6,0.5,0.3180439021365941,-0.1844,1.182e3,0.0563
1.7,4.7,0.5,0.31929112920379643,-0.1813,1.187e3,0.05655
1.7,4.8,0.5,0.32064884022113016,-0.1779,1.192e3,0.0568
1.7,4.9,0.5,0.32127756147646575,-0.1763,1.194e3,0.0569
1.7,5.0,0.5,0.3225424298287353,-0.173,1.199e3,0.05713
1.8,0.1,0.5,10.0,24.64,3.72e4,1.771
1.8,0.2,0.5,10.0,24.64,3.72e4,1.771
1.8,0.3,0.5,4.1243225834881105,9.58,1.5336e4,0.7305
1.8,0.4,0.5,0.162220984998703,-0.584,603.0,0.02873
1.8,0.5,0.5,0.1647959053955078,-0.5776,612.5,0.02917
1.8,0.6,0.5,0.16829870238061434,-0.5684,626.0,0.02982
1.8,0.7,0.5,0.17235973406112193,-0.558,640.5,0.03052
1.8,0.8,0.5,0.1766405392208099,-0.547,657.0,0.0313
1.8,0.9,0.5,0.18262719771124733,-0.5317,679.0,0.03235
1.8,1.0,0.5,0.18925764916515347,-0.5146,704.0,0.03354
1.8,1.1,0.5,0.19634831944405004,-0.4966,730.0,0.0348
1.8,1.2,0.5,0.20427801814651486,-0.4763,759.5,0.0362
1.8,1.3,0.5,0.21202960142439603,-0.4563,788.5,0.03757
1.8,1.4,0.5,0.21972754052734372,-0.4365,817.0,0.0389
1.8,1.5,0.5,0.22705175854492185,-0.4177,844.5,0.04022
1.8,1.6,0.5,0.23437597656249998,-0.399,871.5,0.0415
1.8,1.7,0.5,0.24160024072217104,-0.3806,898.0,0.0428
1.8,1.8,0.5,0.2483377671585083,-0.3633,923.0,0.04398
1.8,1.9,0.5,0.2553472726831436,-0.3452,949.5,0.04523
1.8,2.0,0.5,0.2607546055164337,-0.3313,969.5,0.04617
1.8,2.1,0.5,0.2665415547064012,-0.3167,991.0,0.0472
1.8,2.2,0.5,0.2718383861272633,-0.303,1.011e3,0.04816
1.8,2.3,0.5,0.2771972156857177,-0.2893,1.03e3,0.04907
1.8,2.4,0.5,0.2815971556172371,-0.278,1.047e3,0.04987
1.8,2.5,0.5,0.28613902909493444,-0.2664,1.064e3,0.0507
1.8,2.6,0.5,0.2901131683879197,-0.256,1.079e3,0.0514
1.8,2.7,0.5,0.2939467428786414,-0.2463,1.093e3,0.05206
1.8,2.8,0.5,0.29800512059020995,-0.2358,1.108e3,0.0528
1.8,2.9,0.5,0.3009638203551844,-0.2283,1.119e3,0.0533
1.8,3.0,0.5,0.30461877680731564,-0.2189,1.133e3,0.054
1.8,3.1,0.5,0.30761815673828125,-0.2112,1.144e3,0.0545
1.8,3.2,0.5,0.31067229843115807,-0.2034,1.155e3,0.05502
1.8,3.3,0.5,0.31368835136284845,-0.1957,1.166e3,0.05554
1.8,3.4,0.5,0.3161779335165219,-0.1893,1.176e3,0.05603
1.8,3.5,0.5,0.31866751567019524,-0.1829,1.185e3,0.05646
1.8,3.6,0.5,0.32064884022113016,-0.1779,1.192e3,0.0568
1.8,3.7,0.5,0.3225424298287353,-0.173,1.199e3,0.05713
1.8,3.8,0.5,0.3251022824464237,-0.1664,1.209e3,0.0576
1.8,3.9,0.5,0.32637718943640964,-0.1631,1.214e3,0.05783
1.8,4.0,0.5,0.32830335059261323,-0.1582,1.221e3,0.05817
1.8,4.1,0.5,0.3299341335105896,-0.154,1.227e3,0.05844
1.8,4.2,0.5,0.3313371015618345,-0.1504,1.232e3,0.0587
1.8,4.3,0.5,0.33329381082302645,-0.1454,1.239e3,0.05902
1.8,4.4,0.5,0.334600841453705,-0.1421,1.244e3,0.05927
1.8,4.5,0.5,0.3359389918613044,-0.1387,1.249e3,0.0595
1.8,4.6,0.5,0.33725639575095656,-0.1353,1.254e3,0.05972
1.8,4.7,0.5,0.3385841728995824,-0.1318,1.259e3,0.05997
1.8,4.8,0.5,0.33991195004820823,-0.1284,1.264e3,0.0602
1.8,4.9,0.5,0.34066296849727634,-0.1265,1.267e3,0.06036
1.8,5.0,0.5,0.3420253629025389,-0.123,1.272e3,0.0606
1.9,0.1,0.5,10.0,24.64,3.72e4,1.771
1.9,0.2,0.5,10.0,24.64,3.72e4,1.771
1.9,0.3,0.5,3.4438092996978074,7.832,1.281e4,0.6104
1.9,0.4,0.5,0.1833433788787424,-0.53,682.0,0.0325
1.9,0.5,0.5,0.18552602624634648,-0.5244,689.5,0.03284
1.9,0.6,0.5,0.1885183653793521,-0.5166,701.0,0.0334
1.9,0.7,0.5,0.19226172296142574,-0.507,715.0,0.03406
1.9,0.8,0.5,0.19711830893206592,-0.4946,733.0,0.0349
1.9,0.9,0.5,0.2026821039422452,-0.4802,753.5,0.0359
1.9,1.0,0.5,0.20871665452713983,-0.4648,776.0,0.03696
1.9,1.1,0.5,0.21629431333160398,-0.4453,804.5,0.03833
1.9,1.2,0.5,0.22350409044265745,-0.427,831.0,0.03958
1.9,1.3,0.5,0.23071386755371093,-0.4084,858.0,0.04086
1.9,1.4,0.5,0.23832418783760068,-0.389,886.0,0.0422
1.9,1.5,0.5,0.2454351493050626,-0.3706,912.5,0.04346
1.9,1.6,0.5,0.25234319888687134,-0.353,938.0,0.04468
1.9,1.7,0.5,0.25922874175124283,-0.3352,964.0,0.04593
1.9,1.8,0.5,0.26601994892419684,-0.3179,989.0,0.04712
1.9,1.9,0.5,0.2723703575286865,-0.3015,1.013e3,0.04825
1.9,2.0,0.5,0.27828853936951975,-0.2864,1.035e3,0.04932
1.9,2.1,0.5,0.2838859737477302,-0.272,1.056e3,0.0503
1.9,2.2,0.5,0.2895454342032075,-0.2576,1.076e3,0.05127
1.9,2.3,0.5,0.29452197916607514,-0.2449,1.095e3,0.05215
1.9,2.4,0.5,0.29919691534331444,-0.2328,1.112e3,0.05298
1.9,2.5,0.5,0.30402265591336786,-0.2205,1.13e3,0.05383
1.9,2.6,0.5,0.30824517891216463,-0.2096,1.146e3,0.0546
1.9,2.7,0.5,0.31250096875,-0.1987,1.162e3,0.05536
1.9,2.8,0.5,0.3161779335165219,-0.1893,1.176e3,0.05603
1.9,2.9,0.5,0.32002257490819824,-0.1794,1.19e3,0.0567
1.9,3.0,0.5,0.32317362636460367,-0.1714,1.202e3,0.05725
1.9,3.1,0.5,0.32637718943640964,-0.1631,1.214e3,0.05783
1.9,3.2,0.5,0.32894708069181444,-0.1565,1.223e3,0.05826
1.9,3.3,0.5,0.3319867801923479,-0.1488,1.234e3,0.05878
1.9,3.4,0.5,0.334600841453705,-0.1421,1.244e3,0.05927
1.9,3.5,0.5,0.33725639575095656,-0.1353,1.254e3,0.05972
1.9,3.6,0.5,0.33924676227903366,-0.1301,1.261e3,0.06006
1.9,3.7,0.5,0.34135734656874483,-0.1247,1.269e3,0.06046
1.9,3.8,0.5,0.3433666349139214,-0.11957,1.277e3,0.06082
1.9,3.9,0.5,0.34539438472640516,-0.1144,1.284e3,0.06116
1.9,4.0,0.5,0.34677570127618523,-0.11084,1.289e3,0.0614
1.9,4.1,0.5,0.3488168830871582,-0.1056,1.297e3,0.0618
1.9,4.2,0.5,0.3501901739654541,-0.10205,1.302e3,0.062
1.9,4.3,0.5,0.3519000820414573,-0.0977,1.308e3,0.06232
1.9,4.4,0.5,0.3540001742194391,-0.0923,1.316e3,0.0627
1.9,4.5,0.5,0.3553884062752016,-0.08875,1.321e3,0.0629
1.9,4.6,0.5,0.3567875692920331,-0.08514,1.327e3,0.06323
1.9,4.7,0.5,0.35818673230886455,-0.08154,1.332e3,0.0635
1.9,4.8,0.5,0.3588876828613281,-0.0798,1.334e3,0.06354
1.9,4.9,0.5,0.36048985555267327,-0.0757,1.34e3,0.06384
1.9,5.0,0.5,0.3616920508077032,-0.0726,1.345e3,0.0641
2.0,0.1,0.5,10.0,24.64,3.72e4,1.771
2.0,0.2,0.5,10.0,24.64,3.72e4,1.771
2.0,0.3,0.5,2.7624734813566976,6.082,1.0264e4,0.489
2.0,0.4,0.5,0.20347693180084225,-0.4783,756.5,0.03604
2.0,0.5,0.5,0.20599463174438473,-0.472,765.5,0.03647
2.0,0.6,0.5,0.20953514728999137,-0.4626,779.0,0.0371
2.0,0.7,0.5,0.21286108613586424,-0.454,791.5,0.03772
2.0,0.8,0.5,0.21801092692947385,-0.441,810.5,0.0386
2.0,0.9,0.5,0.22263103149561583,-0.4292,827.5,0.03943
2.0,1.0,0.5,0.22891142327594757,-0.413,851.0,0.04053
2.0,1.1,0.5,0.23552038562774655,-0.396,876.0,0.04172
2.0,1.2,0.5,0.24254768872500307,-0.3782,901.5,0.04294
2.0,1.3,0.5,0.2493937646164346,-0.3606,927.0,0.04416
2.0,1.4,0.5,0.2563486306152344,-0.3428,953.0,0.0454
2.0,1.5,0.5,0.2638588151059151,-0.3235,981.0,0.04672
2.0,1.6,0.5,0.27077235716205833,-0.3057,1.007e3,0.04797
2.0,1.7,0.5,0.27774500901918864,-0.2878,1.033e3,0.0492
2.0,1.8,0.5,0.2844646221406207,-0.2705,1.058e3,0.0504
2.0,1.9,0.5,0.29068090257263185,-0.2546,1.081e3,0.05148
2.0,2.0,0.5,0.29684104199415445,-0.2389,1.104e3,0.05258
2.0,2.1,0.5,0.3027353447265625,-0.2238,1.126e3,0.05365
2.0,2.2,0.5,0.30824517891216463,-0.2096,1.146e3,0.0546
2.0,2.3,0.5,0.3130744817907098,-0.1973,1.164e3,0.05545
2.0,2.4,0.5,0.3180439021365941,-0.1844,1.182e3,0.0563
2.0,2.5,0.5,0.3225424298287353,-0.173,1.199e3,0.05713
2.0,2.6,0.5,0.32701589039421086,-0.1615,1.216e3,0.05792
2.0,2.7,0.5,0.3306899607384715,-0.1521,1.23e3,0.0586
2.0,2.8,0.5,0.334600841453705,-0.1421,1.244e3,0.05927
2.0,2.9,0.5,0.3385841728995824,-0.1318,1.259e3,0.05997
2.0,3.0,0.5,0.3420253629025389,-0.123,1.272e3,0.0606
2.0,3.1,0.5,0.3447184681222439,-0.1161,1.282e3,0.06107
2.0,3.2,0.5,0.3481356020655036,-0.10736,1.294e3,0.06165
2.0,3.3,0.5,0.3508768194046021,-0.10034,1.304e3,0.06213
2.0,3.4,0.5,0.35328007844161985,-0.0942,1.314e3,0.0626
2.0,3.5,0.5,0.3553884062752016,-0.08875,1.321e3,0.0629
2.0,3.6,0.5,0.35818673230886455,-0.08154,1.332e3,0.0635
2.0,3.7,0.5,0.359785775756672,-0.07745,1.338e3,0.0637
2.0,3.8,0.5,0.36239986108325645,-0.07074,1.347e3,0.06415
2.0,3.9,0.5,0.36454001183768514,-0.0653,1.355e3,0.0646
2.0,4.0,0.5,0.36596957658998974,-0.0616,1.361e3,0.0648
2.0,4.1,0.5,0.36815222395759384,-0.05603,1.369e3,0.0652
2.0,4.2,0.5,0.3695959542476236,-0.0523,1.374e3,0.0654
2.0,4.3,0.5,0.3717786016152277,-0.04672,1.382e3,0.06586
2.0,4.4,0.5,0.37335950405956464,-0.04266,1.388e3,0.0661
2.0,4.5,0.5,0.37482365505587667,-0.0389,1.394e3,0.0664
2.0,4.6,0.5,0.3762993348001911,-0.03513,1.399e3,0.06665
2.0,4.7,0.5,0.3770357307587042,-0.03323,1.402e3,0.0668
2.0,4.8,0.5,0.378514298330307,-0.02945,1.407e3,0.067
2.0,4.9,0.5,0.3800280698917098,-0.02557,1.413e3,0.0673
2.0,5.0,0.5,0.3807732210091445,-0.02365,1.416e3,0.06744
